,participant_id,gender,birth_age,birth_weight,singleton
0,CC00549XX22,Female,42.0,3.685,Single
1,CC00576XX16,Male,28.857142857143003,0.85,Single
2,CC00202XX04,Male,38.57142857142857,2.63,Single
3,CC00720XX11,Female,40.428571428571,3.95,Single
4,CC00122XX07,Male,37.428571428571,3.5,Single
5,CC00492BN15,Female,35.142857142857,2.27,Multiple
6,CC00672BN13,Female,28.714285714286,0.695,Multiple
7,CC00407BN11,Male,35.142857142857,2.41,Multiple
8,CC00071XX06,Female,39.857142857142854,3.32,Single
9,CC00119XX12,Male,40.428571428571,3.37,Single
10,CC00207XX09,Female,39.0,3.07,Single
11,CC00465XX12,Male,36.857142857143,3.16,Single
12,CC00484XX15,Female,41.142857142857,2.78,Single
13,CC00590XX14,Male,39.285714285714,3.25,Single
14,CC00586XX18,Female,40.142857142857,3.095,Single
15,CC00723XX14,Male,30.142857142856997,1.6,Single
16,CC00467XX14,Male,40.142857142857,4.025,Single
17,CC00161XX05,Male,29.857142857142854,1.39,Single
18,CC00593XX17,Male,39.428571428571,3.46,Single
19,CC00344XX15,Male,39.142857142857,3.33,Single
20,CC00409XX13,Male,40.714285714286,3.735,Single
21,CC00168XX12,Male,40.142857142857,3.92,Single
22,CC00907XX16,Male,34.428571428571,2.1,Single
23,CC00158XX10,Female,39.57142857142857,3.69,Single
24,CC00136AN13,Female,31.0,0.9,Multiple
25,CC00613XX11,Male,40.428571428571,2.9,Single
26,CC00731XX14,Female,40.428571428571,2.8,Single
27,CC00198XX18,Male,40.714285714285715,2.86,Single
28,CC00063AN06,Female,35.142857142857146,1.95,Multiple
29,CC00664XX13,Female,38.285714285714,3.0,Single
30,CC00397XX19,Male,41.571428571429,3.82,Single
31,CC00270XX07,Male,41.571428571429,4.09,Single
32,CC00252XX05,Male,40.142857142857,3.8,Single
33,CC00787XX21,Female,39.714285714286,3.41,Single
34,CC00223XX09,Female,40.0,3.2,Single
35,CC00703XX10,Male,29.857142857143003,1.23,Single
36,CC00087BN14,Male,35.714285714285715,2.52,Multiple
37,CC00367XX13,Male,39.571428571429,2.65,Single
38,CC00183XX11,Male,41.142857142857,3.85,Single
39,CC00478XX17,Male,38.285714285714,2.92,Single
40,CC00540XX13,Female,40.714285714286,3.56,Single
41,CC00512XX09,Male,38.857142857143,3.61,Single
42,CC00476XX15,Female,40.428571428571,3.4,Single
43,CC00120XX05,Male,39.857142857143,2.71,Single
44,CC00712XX11,Male,34.571428571429,3.05,Single
45,CC00164XX08,Male,38.714285714285715,3.47,Single
46,CC00562XX10,Female,38.571428571429,2.8,Single
47,CC00194XX14,Male,38.857142857142854,2.932,Single
48,CC00383XX13,Female,40.0,3.95,Single
49,CC00440XX12,Female,38.714285714286,2.73,Single
50,CC00153XX05,Male,39.142857142857,3.15,Single
51,CC00170XX06,Male,37.857142857142854,3.405,Single
52,CC00595XX19,Female,39.142857142857,3.62,Single
53,CC00744XX19,Female,38.857142857143,4.245,Single
54,CC00135AN12,Male,34.142857142857,2.09,Multiple
55,CC00398XX20,Female,38.857142857143,3.29,Single
56,CC00248XX18,Female,30.285714285714,1.6,Single
57,CC00350XX04,Female,32.714285714286,1.81,Single
58,CC00547XX20,Female,38.714285714286,3.2,Single
59,CC00466BN13,Female,37.142857142857,2.13,Multiple
60,CC00258XX11,Male,39.142857142857,2.92,Single
61,CC00203XX05,Male,40.714285714285715,3.46,Single
62,CC00500XX05,Male,41.0,4.095,Single
63,CC00654XX11,Male,39.428571428571,3.365,Single
64,CC00754BN12,Male,31.285714285714,1.535,Multiple
65,CC00073XX08,Male,40.714285714285715,3.345,Single
66,CC00563XX11,Female,34.714285714286,1.75,Single
67,CC00115XX08,Male,40.0,2.58,Single
68,CC00754AN12,Male,31.285714285714,1.64,Multiple
69,CC00070XX05,Female,37.42857142857143,2.2,Single
70,CC00422XX10,Female,36.428571428571,4.1,Single
71,CC00840XX16,Male,40.571428571429,4.13,Single
72,CC00089XX16,Male,40.42857142857143,4.8,Single
73,CC00411XX07,Male,40.0,3.47,Single
74,CC00293AN14,Male,31.285714285714,1.41,Multiple
75,CC00184XX12,Female,41.285714285714,3.7,Single
76,CC00205XX07,Female,39.428571428571,3.7,Single
77,CC00337XX16,Male,37.428571428571,3.06,Single
78,CC00121XX06,Male,28.142857142856997,0.915,Single
79,CC00313XX08,Female,38.857142857143,2.92,Single
80,CC00107XX08,Female,39.142857142857,3.0,Single
81,CC00144XX13,Male,39.714285714285715,3.485,Single
82,CC00804XX12,Female,34.142857142857,1.66,Single
83,CC00845BN21,Male,34.857142857143,1.75,Multiple
84,CC00585XX17,Male,39.571428571429,4.18,Single
85,CC00138XX15,Female,41.428571428571,2.88,Single
86,CC00850XX09,Female,40.714285714286,3.06,Single
87,CC00149XX18,Male,41.142857142857146,3.615,Single
88,CC00193XX13,Female,41.857142857142854,3.7,Single
89,CC00244XX14,Female,36.857142857142854,2.72,Single
90,CC00458XX13,Female,41.0,2.26,Single
91,CC00237XX15,Female,36.857142857142854,3.06,Single
92,CC00201XX03,Female,40.285714285714,2.745,Single
93,CC00695XX20,Male,36.857142857143,2.4,Single
94,CC00650XX07,Female,40.714285714286,4.32,Single
95,CC00508XX13,Male,41.857142857143,3.44,Single
96,CC00099AN18,Female,37.42857142857143,2.19,Multiple
97,CC00218AN12,Male,34.0,1.72,Multiple
98,CC00078XX13,Male,40.142857142857146,3.62,Single
99,CC00527XX16,Male,41.0,3.35,Single
100,CC00150AN02,Female,37.42857142857143,2.44,Multiple
101,CC00355XX09,Male,38.714285714286,4.57,Single
102,CC00454XX09,Male,39.285714285714,4.3,Single
103,CC00341XX12,Male,39.0,3.73,Single
104,CC00343XX14,Male,40.142857142857,3.29,Single
105,CC00621XX11,Male,29.0,1.17,Single
106,CC00445XX17,Female,38.0,2.37,Single
107,CC00116XX09,Female,39.285714285714285,3.57,Single
108,CC00544XX17,Female,41.428571428571,2.84,Single
109,CC00450XX05,Female,38.142857142857,2.06,Single
110,CC00561XX09,Male,40.428571428571,3.43,Single
111,CC00548XX21,Male,40.428571428571,3.45,Single
112,CC00801XX09,Female,41.0,3.845,Single
113,CC00154XX06,Male,32.57142857142857,1.82,Single
114,CC00060XX03,Female,40.142857142857146,2.845,Single
115,CC00447XX19,Female,39.428571428571,3.49,Single
116,CC00377XX15,Female,38.714285714286,2.83,Single
117,CC00479XX18,Female,39.142857142857,2.93,Single
118,CC00629XX19,Female,24.714285714286,0.69,Single
119,CC00473XX12,Male,39.0,3.23,Single
120,CC00101XX02,Male,40.714285714285715,3.96,Single
121,CC00186BN14,Female,36.428571428571,1.53,Multiple
122,CC00481XX12,Male,41.285714285714,3.79,Single
123,CC00480XX11,Female,41.142857142857,3.092,Single
124,CC00502XX07,Male,39.857142857142854,3.07,Single
125,CC00088XX15,Female,40.285714285714285,3.37,Single
126,CC00571AN11,Male,34.857142857143,2.08,Multiple
127,CC00572CN12,Male,27.571428571429,0.97,Multiple
128,CC00192AN12,Male,34.714285714285715,2.4,Multiple
129,CC00889BN24,Female,33.142857142857,2.46,Multiple
130,CC00518XX15,Male,26.142857142856997,0.54,Single
131,CC00686XX19,Male,32.571428571429,1.19,Single
132,CC00305XX08,Female,31.857142857143003,1.29,Single
133,CC00766XX16,Female,41.857142857142854,4.3,Single
134,CC00670XX11,Male,36.285714285714,2.5,Single
135,CC00525XX14,Female,31.0,1.54,Single
136,CC00366XX12,Male,40.857142857143,3.63,Single
137,CC00757XX15,Male,41.571428571429,3.47,Single
138,CC00596XX20,Female,41.142857142857,3.56,Single
139,CC00284BN13,Male,30.714285714286,1.05,Multiple
140,CC00536XX17,Female,38.857142857142854,3.72,Single
141,CC00550XX06,Female,39.857142857143,3.94,Single
142,CC00221XX07,Male,39.142857142857,2.55,Single
143,CC00382XX12,Female,40.857142857143,3.65,Single
144,CC00290XX11,Male,36.857142857143,3.07,Single
145,CC00178XX14,Male,40.57142857142857,2.5,Single
146,CC00589XX21,Female,41.142857142857,3.752,Single
147,CC00068XX11,Female,40.42857142857143,3.58,Single
148,CC00334XX13,Male,38.142857142857,3.44,Single
149,CC00301XX04,Female,28.714285714286,1.19,Single
150,CC00486XX17,Female,40.571428571429,3.33,Single
151,CC00326XX13,Male,35.428571428571,3.06,Single
152,CC00501XX06,Female,40.285714285714,3.7,Single
153,CC00455XX10,Female,40.571428571429,4.16,Single
154,CC00529AN18,Male,27.42857142857143,1.13,Multiple
155,CC00652XX09,Male,40.857142857143,3.45,Single
156,CC00764AN14,Female,34.57142857142857,2.35,Multiple
157,CC00135BN12,Female,34.142857142857,2.49,Multiple
158,CC00528XX17,Female,39.857142857143,3.15,Single
159,CC00685XX18,Female,42.0,3.73,Single
160,CC00649XX23,Male,39.285714285714,2.6,Single
161,CC00400XX04,Male,40.0,3.79,Single
162,CC00094BN13,Male,37.142857142857,2.45,Multiple
163,CC00556XX12,Female,38.428571428571,3.58,Single
164,CC00199XX19,Male,40.857142857142854,3.83,Single
165,CC00507XX12,Male,39.714285714286,2.665,Single
166,CC00362XX08,Female,39.428571428571,3.535,Single
167,CC00236XX14,Male,37.857142857142854,3.585,Single
168,CC00829XX21,Female,32.285714285714,1.87,Single
169,CC00858XX17,Female,41.714285714286,3.5,Single
170,CC00764BN14,Female,34.571428571429,2.26,Multiple
171,CC00555XX11,Male,40.0,3.11,Single
172,CC00129AN14,Male,36.285714285714,2.75,Multiple
173,CC00091XX10,Male,41.285714285714285,3.95,Single
174,CC00110XX03,Male,40.714285714286,3.2,Single
175,CC00227XX13,Female,29.42857142857143,1.085,Single
176,CC00833XX17,Male,36.714285714286,3.28,Single
177,CC00113XX06,Female,41.428571428571,3.6,Single
178,CC00558XX14,Female,41.428571428571,3.8,Single
179,CC00379XX17,Female,40.142857142857,2.81,Single
180,CC00466AN13,Female,37.142857142857,2.17,Multiple
181,CC00788XX22,Male,33.571428571429,2.18,Single
182,CC00499XX22,Male,40.0,2.805,Single
183,CC00096XX15,Male,39.57142857142857,3.13,Single
184,CC00172BN08,Male,37.285714285714285,2.355,Multiple
185,CC00406XX10,Male,35.857142857142854,2.835,Single
186,CC00399XX21,Male,41.714285714286,4.08,Single
187,CC00206XX08,Female,40.714285714286,3.87,Single
188,CC00143AN12,Male,38.142857142857,2.795,Multiple
189,CC00656XX13,Female,42.285714285714,4.2,Single
190,CC00129BN14,Female,36.285714285714,1.87,Multiple
191,CC00298XX19,Male,41.714285714286,2.7,Single
192,CC00186AN14,Female,36.428571428571,2.04,Multiple
193,CC00376XX14,Female,39.285714285714,2.94,Single
194,CC00219XX13,Male,40.285714285714285,3.57,Single
195,CC00195XX15,Female,40.142857142857,3.95,Single
196,CC00483XX14,Female,40.142857142857,3.625,Single
197,CC00546XX19,Female,38.571428571429,2.53,Single
198,CC00306XX09,Male,39.714285714285715,3.87,Single
199,CC00363XX09,Male,38.857142857143,3.215,Single
200,CC00066XX09,Male,38.285714285714285,3.305,Single
201,CC00094AN13,Male,37.142857142857146,2.85,Multiple
202,CC00583XX15,Female,40.428571428571,3.42,Single
203,CC00489XX20,Male,28.714285714286,1.25,Single
204,CC00347XX18,Male,41.142857142857,3.92,Single
205,CC00254XX07,Female,39.285714285714,3.155,Single
206,CC00545XX18,Male,38.857142857143,3.43,Single
207,CC00532XX13,Female,41.142857142857,3.25,Single
208,CC00352XX06,Male,41.857142857143,4.0,Single
209,CC00172AN08,Male,37.285714285714285,2.375,Multiple
210,CC00160XX04,Female,39.142857142857146,3.47,Single
211,CC00124XX09,Female,30.714285714286,1.56,Single
212,CC00553XX09,Female,41.428571428571,4.44,Single
213,CC00364XX10,Female,41.0,2.73,Single
214,CC00189XX17,Male,40.285714285714285,3.97,Single
215,CC00616XX14,Female,39.285714285714,3.28,Single
216,CC00657XX14,Male,28.142857142856997,1.255,Single
217,CC00097XX16,Female,42.0,3.59,Single
218,CC00111XX04,Female,40.42857142857143,3.75,Single
219,CC00320XX07,Female,40.142857142857,3.13,Single
220,CC00402XX06,Male,40.142857142857,3.75,Single
221,CC00587XX19,Female,38.285714285714,3.45,Single
222,CC00526XX15,Female,26.142857142856997,0.945,Single
223,CC00421BN09,Male,37.428571428571,2.14,Multiple
224,CC00622XX12,Female,41.142857142857,3.03,Single
225,CC00530XX11,Female,26.142857142856997,0.96,Single
226,CC00474XX13,Male,40.285714285714,4.1,Single
227,CC00632XX14,Female,32.714285714286,1.8940000000000001,Single
228,CC00852XX11,Female,40.0,3.435,Single
229,CC00245AN15,Male,31.714285714285715,1.71,Multiple
230,CC00356XX10,Female,40.0,2.88,Single
231,CC00824XX16,Male,40.142857142857146,3.25,Single
232,CC00791XX17,Female,39.571428571429,2.8,Single
233,CC00231XX09,Male,36.285714285714285,3.2,Single
234,CC00843XX19,Male,40.0,3.45,Single
235,CC00127XX12,Female,41.571428571429,3.2,Single
236,CC00439XX19,Male,41.142857142857,3.355,Single
237,CC00845AN21,Male,34.857142857143,1.81,Multiple
238,CC00760XX10,Female,31.857142857143003,1.42,Single
239,CC00177XX13,Female,33.285714285714285,1.86,Single
240,CC00582XX14,Male,38.142857142857,3.315,Single
241,CC00693XX18,Male,40.428571428571,3.65,Single
242,CC00342XX13,Female,41.714285714286,3.45,Single
243,CC00257XX10,Female,38.142857142857146,2.44,Single
244,CC00594XX18,Male,39.857142857143,3.27,Single
245,CC00209XX11,Female,41.142857142857,3.5,Single
246,CC00860XX11,Male,40.428571428571,3.06,Single
247,CC00272XX09,Male,40.285714285714,3.31,Single
248,CC00580XX12,Male,41.142857142857,3.055,Single
249,CC00281AN10,Male,36.142857142857,2.67,Multiple
250,CC00130XX07,Male,40.857142857143,4.16,Single
251,CC00250XX03,Female,40.428571428571,3.25,Single
252,CC00879XX22,Female,40.142857142857,3.65,Single
253,CC00069XX12,Male,39.142857142857146,3.305,Single
254,CC00441XX13,Female,38.571428571429,3.25,Single
255,CC00653XX10,Male,39.571428571429,3.1,Single
256,CC00534XX15,Female,39.0,3.18,Single
257,CC00777XX19,Male,39.714285714286,3.06,Single
258,CC00080XX07,Male,39.285714285714285,3.56,Single
259,CC00238AN16,Male,36.42857142857143,2.17,Multiple
260,CC00648XX22,Female,34.714285714286,1.87,Single
261,CC00269XX14,Male,40.714285714286,2.97,Single
262,CC00517XX14,Female,35.142857142857,1.57,Single
263,CC00669XX18,Male,39.428571428571,3.65,Single
264,CC00351XX05,Male,31.285714285714,1.3,Single
265,CC00216AN10,Male,36.142857142857,2.085,Multiple
266,CC00417XX13,Male,40.857142857143,3.9,Single
267,CC00329XX16,Male,39.285714285714,3.34,Single
268,CC00338BN17,Male,37.142857142857,2.75,Multiple
269,CC00416XX12,Female,41.571428571429,2.95,Single
270,CC00084XX11,Male,40.57142857142857,3.78,Single
271,CC00171XX07,Male,40.285714285714285,3.24,Single
272,CC00702AN09,Female,32.571428571429,1.74,Multiple
273,CC00083XX10,Male,42.0,4.27,Single
274,CC00408XX12,Male,40.714285714286,2.7,Single
275,CC00433XX13,Female,42.142857142857,3.38,Single
276,CC00734XX17,Female,39.571428571429,3.1,Single
277,CC00316XX11,Female,41.857142857143,3.852,Single
278,CC00838XX22,Female,31.714285714286,1.77,Single
279,CC00504XX09,Female,40.285714285714,2.92,Single
280,CC00805XX13,Male,24.571428571429,0.71,Single
281,CC00407AN11,Female,35.142857142857,2.35,Multiple
282,CC00871XX14,Male,40.285714285714,4.11,Single
283,CC00410XX06,Female,41.0,3.34,Single
284,CC00688XX21,Female,37.0,2.45,Single
285,CC00197XX17,Female,39.428571428571,2.96,Single
286,CC00245BN15,Male,31.714285714285715,1.22,Multiple
287,CC00180XX08,Male,41.714285714285715,3.75,Single
288,CC00303XX06,Male,40.0,2.93,Single
289,CC00542XX15,Female,40.42857142857143,3.02,Single
290,CC00099BN18,Female,37.42857142857143,2.12,Multiple
291,CC00284AN13,Female,30.714285714286,1.385,Multiple
292,CC00768XX18,Male,36.57142857142857,2.52,Single
293,CC00457XX12,Male,40.857142857142854,3.42,Single
294,CC00421AN09,Female,37.428571428571,2.83,Multiple
295,CC00647XX21,Female,37.285714285714,2.1,Single
296,CC00823XX15,Male,30.714285714286,1.25,Single
297,CC00581XX13,Male,39.714285714286,4.18,Single
298,CC00639XX21,Female,41.285714285714,4.34,Single
299,CC00147XX16,Male,32.285714285714285,2.02,Single
300,CC00448XX20,Male,41.714285714286,3.59,Single
301,CC00114XX07,Male,39.142857142857,3.7,Single
302,CC00389XX19,Male,28.714285714286,0.825,Single
303,CC00818XX18,Female,41.142857142857,3.88,Single
304,CC00314XX09,Male,39.285714285714,3.805,Single
305,CC00846XX22,Male,40.428571428571,3.44,Single
306,CC00569XX17,Male,34.142857142857,2.9,Single
307,CC00735XX18,Male,25.571428571429,0.99,Single
308,CC00308XX11,Female,37.285714285714285,2.93,Single
309,CC00516XX13,Male,40.142857142857,3.3,Single
310,CC00412XX08,Male,37.714285714286,2.6,Single
311,CC00165XX09,Female,40.428571428571,2.59,Single
312,CC00292XX13,Female,39.571428571429,3.08,Single
313,CC00217XX11,Male,41.142857142857,4.04,Single
314,CC00428XX16,Male,40.571428571429,3.92,Single
315,CC00126XX11,Male,38.142857142857,2.85,Single
316,CC00260XX05,Female,39.142857142857146,2.75,Single
317,CC00671XX12,Male,40.714285714286,3.84,Single
318,CC00568XX16,Male,39.714285714286,3.095,Single
319,CC00415XX11,Female,38.857142857143,2.5,Single
320,CC00564XX12,Male,40.428571428571,3.54,Single
321,CC00293BN14,Male,31.285714285714,1.49,Multiple
322,CC00667XX16,Male,38.142857142857,2.74,Single
323,CC00174XX10,Female,38.714285714285715,3.36,Single
324,CC00108XX09,Female,40.0,3.32,Single
325,CC00106XX07,Female,40.285714285714285,3.85,Single
326,CC00705XX12,Female,39.0,3.045,Single
327,CC00570XX10,Female,35.571428571429,2.53,Single
328,CC00552XX08,Male,39.0,3.6,Single
329,CC00719XX18,Male,40.142857142857,3.11,Single
330,CC00592XX16,Male,39.571428571429,3.55,Single
331,CC00143BN12,Female,38.142857142857,2.76,Multiple
332,CC00247XX17,Female,39.857142857143,2.83,Single
333,CC00075XX10,Female,38.57142857142857,3.17,Single
334,CC00497XX20,Male,40.857142857143,3.89,Single
335,CC00067XX10,Male,40.0,3.125,Single
336,CC00152AN04,Male,28.0,1.03,Multiple
337,CC00268XX13,Male,39.142857142857,2.8,Single
338,CC00403XX07,Male,38.0,2.888,Single
339,CC00324XX11,Male,39.285714285714,3.608,Single
340,CC00086XX13,Male,40.57142857142857,4.59,Single
341,CC00371XX09,Male,40.0,3.81,Single
342,CC00453XX08,Female,39.714285714286,2.85,Single
343,CC00853XX12,Female,41.285714285714,3.58,Single
344,CC00672AN13,Male,28.714285714286,1.31,Multiple
345,CC00204XX06,Male,38.571428571429,3.12,Single
346,CC00074XX09,Male,39.714285714285715,2.59,Single
347,CC00072XX07,Female,39.57142857142857,2.155,Single
348,CC00349XX20,Female,41.285714285714,3.53,Single
349,CC00181XX09,Female,40.428571428571,3.18,Single
350,CC00438XX18,Female,41.142857142857,3.55,Single
351,CC00469XX16,Male,41.142857142857,3.42,Single
352,CC00413XX09,Female,39.142857142857,2.835,Single
353,CC00797XX23,Male,34.857142857143,2.485,Single
354,CC00162XX06,Male,40.142857142857146,3.63,Single
355,CC00799XX25,Male,42.0,4.33,Single
356,CC00855XX14,Female,29.857142857143003,1.38,Single
357,CC00357XX11,Male,41.0,3.83,Single
358,CC00792XX18,Male,33.285714285714,2.235,Single
359,CC00255XX08,Male,42.142857142857,3.77,Single
360,CC00304XX07,Female,41.0,3.71,Single
361,CC00309BN12,Male,27.142857142856997,0.88,Multiple
362,CC00470XX09,Male,40.714285714286,4.43,Single
363,CC00134XX11,Male,40.857142857143,3.34,Single
364,CC00150BN02,Male,37.42857142857143,2.53,Multiple
365,CC00087AN14,Male,35.714285714285715,2.58,Multiple
366,CC00798XX24,Male,39.0,4.1,Single
367,CC00117XX10,Male,41.571428571429,3.73,Single
368,CC00765XX15,Male,40.428571428571,3.9,Single
369,CC00145XX14,Male,38.57142857142857,3.88,Single
370,CC00418AN14,Female,36.0,2.3,Multiple
371,CC00472XX11,Female,41.285714285714,3.3,Single
372,CC00793XX19,Female,40.857142857143,3.39,Single
373,CC00810XX10,Male,38.571428571429,2.55,Single
374,CC00348XX19,Female,41.428571428571,3.59,Single
375,CC00461XX08,Female,41.428571428571,3.39,Single
376,CC00434AN14,Female,37.857142857143,2.65,Multiple
377,CC00600XX06,Male,31.57142857142857,1.875,Single
378,CC00431XX11,Male,41.714285714286,3.97,Single
379,CC00577XX17,Male,39.857142857143,3.72,Single
380,CC00584XX16,Female,41.857142857143,3.79,Single
381,CC00675XX16,Female,40.857142857143,3.77,Single
382,CC00620XX10,Female,40.714285714286,3.642,Single
383,CC00822XX14,Male,38.857142857143,3.6,Single
384,CC00300XX03,Male,40.857142857143,2.755,Single
385,CC00607XX13,Male,40.571428571429,3.05,Single
386,CC00182XX10,Female,39.0,3.24,Single
387,CC00146XX15,Male,40.42857142857143,4.4,Single
388,CC00771XX13,Male,35.571428571429,2.2,Single
389,CC00423XX11,Male,33.285714285714,2.18,Single
390,CC00443XX15,Male,39.714285714286,4.13,Single
391,CC00451XX06,Female,40.571428571429,2.925,Single
392,CC00380XX10,Male,40.857142857143,3.4,Single
393,CC00513XX10,Female,38.428571428571,3.84,Single
394,CC00418BN14,Male,36.0,2.11,Multiple
395,CC00338AN17,Male,37.142857142857,2.48,Multiple
396,CC00286XX15,Male,40.857142857143,4.0,Single
397,CC00661XX10,Male,27.57142857142857,0.85,Single
398,CC00627XX17,Male,36.857142857143,2.85,Single
399,CC00332XX11,Male,39.0,3.6,Single
400,CC00102XX03,Female,38.857142857142854,3.38,Single
401,CC00830XX14,Female,30.428571428571,1.35,Single
402,CC00082XX09,Male,39.42857142857143,3.8,Single
403,CC00492AN15,Female,35.142857142857,2.39,Multiple
404,CC00498XX21,Female,40.571428571429,3.3,Single
405,CC00132XX09,Male,36.571428571429,2.87,Single
406,CC00815XX15,Female,37.714285714286,2.85,Single
407,CC00218BN12,Male,34.0,1.63,Multiple
408,CC00079XX14,Male,41.285714285714285,3.67,Single
409,CC00307XX10,Female,41.857142857143,4.61,Single
410,CC00446XX18,Female,41.571428571429,2.995,Single
411,CC00597XX21,Female,38.714285714286,3.7,Single
412,CC00179XX15,Female,40.42857142857143,3.05,Single
413,CC00271XX08,Female,35.571428571429,2.47,Single
414,CC00628XX18,Female,29.57142857142857,1.11,Single
415,CC00200XX02,Male,40.285714285714,3.295,Single
416,CC00689XX22,Female,34.428571428571,1.93,Single
417,CC00157XX09,Male,39.285714285714285,2.835,Single
418,CC00289XX18,Female,39.0,2.94,Single
419,CC00385XX15,Male,35.571428571429,2.82,Single
420,CC00065XX08,Male,40.42857142857143,3.4,Single
421,CC00265XX10,Male,40.142857142857,2.45,Single
422,CC00062XX05,Female,41.285714285714285,4.05,Single
423,CC00319XX14,Female,41.285714285714,4.19,Single
424,CC00520XX09,Male,38.0,2.815,Single
425,CC00339XX18,Male,40.714285714286,3.7,Single
426,CC00785XX19,Male,34.285714285714285,2.4,Single
427,CC00747XX22,Male,29.428571428571,1.48,Single
428,CC00238BN16,Male,36.42857142857143,2.13,Multiple
429,CC00424XX12,Female,41.0,2.84,Single
430,CC00361XX07,Male,32.285714285714,1.61,Single
431,CC00267XX12,Male,40.428571428571,3.33,Single
432,CC00131XX08,Male,39.0,3.35,Single
433,CC00176XX12,Male,41.285714285714285,3.78,Single
434,CC00529BN18,Male,27.42857142857143,0.86,Multiple
435,CC00103XX04,Male,40.0,2.94,Single
436,CC00384XX14,Female,40.571428571429,3.29,Single
437,CC00378XX16,Male,38.857142857143,3.185,Single
438,CC00770XX12,Female,25.571428571429,0.78,Single
439,CC00395XX17,Male,31.285714285714,1.95,Single
440,CC00405XX09,Female,40.285714285714285,3.64,Single
441,CC00617XX15,Male,31.571428571429,1.64,Single
442,CC00191XX11,Male,32.714285714285715,1.96,Single
443,CC00588XX20,Male,38.428571428571,2.66,Single
444,CC00740XX15,Male,39.0,3.15,Single
